Season,Habitat,mean_ab_chg,mean_ab_chm
1,0,45.666666666666664,7.083333333333333
1,1,95.3157894736842,18.280701754385966
2,0,38.861111111111114,6.416666666666667
2,1,49.07017543859649,13.807017543859649
